{"cameraMode":{"drawMode":0,"name":"Shaded","section":"Shading Mode"},"sceneLighting":true,"audioPlay":false,"sceneViewState":{"m_AlwaysRefresh":false,"showFog":true,"showSkybox":true,"showFlares":true,"showImageEffects":true,"showParticleSystems":true,"showVisualEffectGraphs":true,"m_FxEnabled":false},"in2DMode":false,"pivot":{"x":12.89719295501709,"y":21.979524612426759,"z":-24.625511169433595},"rotation":{"x":0.21912720799446107,"y":0.14687125384807588,"z":-0.03336575627326965,"w":0.9640453457832336},"size":6.749063491821289,"orthographic":false}