{"cameraMode":{"drawMode":0,"name":"Shaded","section":"Shading Mode"},"sceneLighting":true,"audioPlay":false,"sceneViewState":{"m_AlwaysRefresh":false,"showFog":true,"showSkybox":true,"showFlares":true,"showImageEffects":true,"showParticleSystems":true,"showVisualEffectGraphs":true,"m_FxEnabled":false},"in2DMode":false,"pivot":{"x":-14.199023246765137,"y":-3.2801809310913088,"z":11.430266380310059},"rotation":{"x":0.28812429308891299,"y":-0.28627660870552065,"z":0.09079952538013458,"w":0.9092476963996887},"size":12.127243041992188,"orthographic":false}