{"cameraMode":{"drawMode":0,"name":"Shaded","section":"Shading Mode"},"sceneLighting":true,"audioPlay":false,"sceneViewState":{"m_AlwaysRefresh":false,"showFog":true,"showSkybox":true,"showFlares":true,"showImageEffects":true,"showParticleSystems":true,"showVisualEffectGraphs":true,"m_FxEnabled":false},"in2DMode":false,"pivot":{"x":171.86463928222657,"y":49.739192962646487,"z":41.11752700805664},"rotation":{"x":0.13569290935993195,"y":0.7570064067840576,"z":-0.16626949608325959,"w":0.6170969605445862},"size":12.12435531616211,"orthographic":false}