{"cameraMode":{"drawMode":0,"name":"Shaded","section":"Shading Mode"},"sceneLighting":true,"audioPlay":false,"sceneViewState":{"m_AlwaysRefresh":false,"showFog":true,"showSkybox":true,"showFlares":true,"showImageEffects":true,"showParticleSystems":true,"showVisualEffectGraphs":true,"m_FxEnabled":false},"in2DMode":false,"pivot":{"x":11.509282112121582,"y":46.183692932128909,"z":-37.92770767211914},"rotation":{"x":-0.14356929063796998,"y":-0.7278321385383606,"z":0.16029605269432069,"w":-0.6510531306266785},"size":1.2247449159622193,"orthographic":false}