{"cameraMode":{"drawMode":0,"name":"Shaded","section":"Shading Mode"},"sceneLighting":true,"audioPlay":false,"sceneViewState":{"m_AlwaysRefresh":false,"showFog":true,"showSkybox":true,"showFlares":true,"showImageEffects":true,"showParticleSystems":true,"showVisualEffectGraphs":true,"m_FxEnabled":false},"in2DMode":false,"pivot":{"x":-13.036709785461426,"y":-2.6226859092712404,"z":-12.092286109924317},"rotation":{"x":0.09955255687236786,"y":-0.7284389138221741,"z":0.10863732546567917,"w":0.6690214276313782},"size":12.128329277038575,"orthographic":false}