{"cameraMode":{"drawMode":0,"name":"Shaded","section":"Shading Mode"},"sceneLighting":true,"audioPlay":false,"sceneViewState":{"m_AlwaysRefresh":false,"showFog":true,"showSkybox":true,"showFlares":true,"showImageEffects":true,"showParticleSystems":true,"showVisualEffectGraphs":true,"m_FxEnabled":false},"in2DMode":false,"pivot":{"x":2.016392230987549,"y":21.64349937438965,"z":13.940838813781739},"rotation":{"x":-0.017263781279325486,"y":-0.9750924110412598,"z":0.20508940517902375,"w":-0.0820838063955307},"size":1.2229084968566895,"orthographic":false}