{"cameraMode":{"drawMode":0,"name":"Shaded","section":"Shading Mode"},"sceneLighting":true,"audioPlay":false,"sceneViewState":{"m_AlwaysRefresh":false,"showFog":true,"showSkybox":true,"showFlares":true,"showImageEffects":true,"showParticleSystems":true,"showVisualEffectGraphs":true,"m_FxEnabled":false},"in2DMode":false,"pivot":{"x":14.331753730773926,"y":-140.39280700683595,"z":455.01800537109377},"rotation":{"x":0.16955390572547913,"y":-0.014089152216911316,"z":0.0023476644419133665,"w":0.9853981733322144},"size":301.1319885253906,"orthographic":false}