{"cameraMode":{"drawMode":0,"name":"Shaded","section":"Shading Mode"},"sceneLighting":true,"audioPlay":false,"sceneViewState":{"m_AlwaysRefresh":false,"showFog":true,"showSkybox":true,"showFlares":true,"showImageEffects":true,"showParticleSystems":true,"showVisualEffectGraphs":true,"m_FxEnabled":false},"in2DMode":false,"pivot":{"x":-45.90949630737305,"y":3.760622978210449,"z":158.1048126220703},"rotation":{"x":-0.015112403780221939,"y":0.15979765355587007,"z":-0.0024296038318425419,"w":-0.987043559551239},"size":90.70347595214844,"orthographic":false}